Handphone HP Samsung Flip Lipat Caramel GT-E1272,Handphone HP Samsung Flip Lipat Caramel GT-E1272,Rp151.470,"data:image/png;base64,iVBORw0KGgoAAAANSUhEUgAAAHgAAAB4CAQAAACTbf5ZAAAAiklEQVR42u3PMQEAAAwCoNm/9Cr4Cw3IjYmwsLCwsLCwsLCwsLCwsLCwsLCwsLCwsLCwsLCwsLCwsLCwsLCwsLCwsLCwsLCwsLCwsLCwsLCwsLCwsLCwsLCwsLCwsLCwsLCwsLCwsLCwsLCwsLCwsLCwsLCwsLCwsLCwsLCwsLCwsLCwsLCwsHDrASUpAHnJhbktAAAAAElFTkSuQmCC",Rating 5 Star,Jvi shop,(136)
OPPO A16 Smartphone 3GB/32GB (Garansi Resmi),OPPO A16 Smartphone 3GB/32GB (Garansi Resmi),Rp1.829.000,"data:image/png;base64,iVBORw0KGgoAAAANSUhEUgAAAHgAAAB4CAQAAACTbf5ZAAAAiklEQVR42u3PMQEAAAwCoNm/9Cr4Cw3IjYmwsLCwsLCwsLCwsLCwsLCwsLCwsLCwsLCwsLCwsLCwsLCwsLCwsLCwsLCwsLCwsLCwsLCwsLCwsLCwsLCwsLCwsLCwsLCwsLCwsLCwsLCwsLCwsLCwsLCwsLCwsLCwsLCwsLCwsLCwsLCwsLCwsHDrASUpAHnJhbktAAAAAElFTkSuQmCC",Rating 5 Star,Digitaltechnology,(65)
nokia 105 new 2019 garansi resmi,nokia 105 new 2019 garansi resmi,Rp239.000,"data:image/png;base64,iVBORw0KGgoAAAANSUhEUgAAAHgAAAB4CAQAAACTbf5ZAAAAiklEQVR42u3PMQEAAAwCoNm/9Cr4Cw3IjYmwsLCwsLCwsLCwsLCwsLCwsLCwsLCwsLCwsLCwsLCwsLCwsLCwsLCwsLCwsLCwsLCwsLCwsLCwsLCwsLCwsLCwsLCwsLCwsLCwsLCwsLCwsLCwsLCwsLCwsLCwsLCwsLCwsLCwsLCwsLCwsLCwsHDrASUpAHnJhbktAAAAAElFTkSuQmCC",Rating 5 Star,hapehapeku21,(530)
HP NOKIA 1280 MURAH Sim GSM BAHASA INDONESIA NEW,HP NOKIA 1280 MURAH Sim GSM BAHASA INDONESIA NEW,Rp88.850,"data:image/png;base64,iVBORw0KGgoAAAANSUhEUgAAAHgAAAB4CAQAAACTbf5ZAAAAiklEQVR42u3PMQEAAAwCoNm/9Cr4Cw3IjYmwsLCwsLCwsLCwsLCwsLCwsLCwsLCwsLCwsLCwsLCwsLCwsLCwsLCwsLCwsLCwsLCwsLCwsLCwsLCwsLCwsLCwsLCwsLCwsLCwsLCwsLCwsLCwsLCwsLCwsLCwsLCwsLCwsLCwsLCwsLCwsLCwsHDrASUpAHnJhbktAAAAAElFTkSuQmCC",Rating 5 Star,Skyaccesories_id,(25)
Xiaomi Redmi Note 10 5G 8/128GB NFC Smartphone HP Andorid,Xiaomi Redmi Note 10 5G 8/128GB NFC Smartphone HP Andorid,Rp2.999.000,"data:image/png;base64,iVBORw0KGgoAAAANSUhEUgAAAHgAAAB4CAQAAACTbf5ZAAAAiklEQVR42u3PMQEAAAwCoNm/9Cr4Cw3IjYmwsLCwsLCwsLCwsLCwsLCwsLCwsLCwsLCwsLCwsLCwsLCwsLCwsLCwsLCwsLCwsLCwsLCwsLCwsLCwsLCwsLCwsLCwsLCwsLCwsLCwsLCwsLCwsLCwsLCwsLCwsLCwsLCwsLCwsLCwsLCwsLCwsHDrASUpAHnJhbktAAAAAElFTkSuQmCC",Rating 5 Star,Xiaomi Official Store,(1992)
Samsung Galaxy A12 4/128 GB Garansi Resmi SEIN,Samsung Galaxy A12 4/128 GB Garansi Resmi SEIN,Rp2.107.000,"data:image/png;base64,iVBORw0KGgoAAAANSUhEUgAAAHgAAAB4CAQAAACTbf5ZAAAAiklEQVR42u3PMQEAAAwCoNm/9Cr4Cw3IjYmwsLCwsLCwsLCwsLCwsLCwsLCwsLCwsLCwsLCwsLCwsLCwsLCwsLCwsLCwsLCwsLCwsLCwsLCwsLCwsLCwsLCwsLCwsLCwsLCwsLCwsLCwsLCwsLCwsLCwsLCwsLCwsLCwsLCwsLCwsLCwsLCwsHDrASUpAHnJhbktAAAAAElFTkSuQmCC",Rating 5 Star,Gudang-HP,(5023)
"Xiaomi Official Redmi 9A 2/32GB 6.53"" HD Mi Smartphone AI Face Unlock","Xiaomi Official Redmi 9A 2/32GB 6.53"" HD Mi Smartphone AI Face Unlock",Rp1.289.000,"data:image/png;base64,iVBORw0KGgoAAAANSUhEUgAAAHgAAAB4CAQAAACTbf5ZAAAAiklEQVR42u3PMQEAAAwCoNm/9Cr4Cw3IjYmwsLCwsLCwsLCwsLCwsLCwsLCwsLCwsLCwsLCwsLCwsLCwsLCwsLCwsLCwsLCwsLCwsLCwsLCwsLCwsLCwsLCwsLCwsLCwsLCwsLCwsLCwsLCwsLCwsLCwsLCwsLCwsLCwsLCwsLCwsLCwsLCwsHDrASUpAHnJhbktAAAAAElFTkSuQmCC",Rating 5 Star,Xiaomi Official Store,(5277)
"Xiaomi Redmi Note 10 Pro 8/128GB NFC 6.67"" 108MP 5020mAh Smart HP","Xiaomi Redmi Note 10 Pro 8/128GB NFC 6.67"" 108MP 5020mAh Smart HP",Rp3.799.000,"data:image/png;base64,iVBORw0KGgoAAAANSUhEUgAAAHgAAAB4CAQAAACTbf5ZAAAAiklEQVR42u3PMQEAAAwCoNm/9Cr4Cw3IjYmwsLCwsLCwsLCwsLCwsLCwsLCwsLCwsLCwsLCwsLCwsLCwsLCwsLCwsLCwsLCwsLCwsLCwsLCwsLCwsLCwsLCwsLCwsLCwsLCwsLCwsLCwsLCwsLCwsLCwsLCwsLCwsLCwsLCwsLCwsLCwsLCwsHDrASUpAHnJhbktAAAAAElFTkSuQmCC",Rating 5 Star,Xiaomi Official Store,(4605)
"Xiaomi Official Redmi 9A 3/32GB 6.53"" HD Mi Smartphone AI Face Unlock","Xiaomi Official Redmi 9A 3/32GB 6.53"" HD Mi Smartphone AI Face Unlock",Rp1.399.000,"data:image/png;base64,iVBORw0KGgoAAAANSUhEUgAAAHgAAAB4CAQAAACTbf5ZAAAAiklEQVR42u3PMQEAAAwCoNm/9Cr4Cw3IjYmwsLCwsLCwsLCwsLCwsLCwsLCwsLCwsLCwsLCwsLCwsLCwsLCwsLCwsLCwsLCwsLCwsLCwsLCwsLCwsLCwsLCwsLCwsLCwsLCwsLCwsLCwsLCwsLCwsLCwsLCwsLCwsLCwsLCwsLCwsLCwsLCwsHDrASUpAHnJhbktAAAAAElFTkSuQmCC",Rating 5 Star,Xiaomi Official Store,(4583)
NOKIA 105 KING 2019 GARANSI RESMI TAM,NOKIA 105 KING 2019 GARANSI RESMI TAM,Rp237.000,"data:image/png;base64,iVBORw0KGgoAAAANSUhEUgAAAHgAAAB4CAQAAACTbf5ZAAAAiklEQVR42u3PMQEAAAwCoNm/9Cr4Cw3IjYmwsLCwsLCwsLCwsLCwsLCwsLCwsLCwsLCwsLCwsLCwsLCwsLCwsLCwsLCwsLCwsLCwsLCwsLCwsLCwsLCwsLCwsLCwsLCwsLCwsLCwsLCwsLCwsLCwsLCwsLCwsLCwsLCwsLCwsLCwsLCwsLCwsHDrASUpAHnJhbktAAAAAElFTkSuQmCC",Rating 5 Star,Garden Cell Official,(3646)
Vivo Y21T 6/128 GB Ram 6GB + 2GB Extended Garansi Resmi Original murah,Vivo Y21T 6/128 GB Ram 6GB + 2GB Extended Garansi Resmi Original murah,Rp2.649.000,"data:image/png;base64,iVBORw0KGgoAAAANSUhEUgAAAHgAAAB4CAQAAACTbf5ZAAAAiklEQVR42u3PMQEAAAwCoNm/9Cr4Cw3IjYmwsLCwsLCwsLCwsLCwsLCwsLCwsLCwsLCwsLCwsLCwsLCwsLCwsLCwsLCwsLCwsLCwsLCwsLCwsLCwsLCwsLCwsLCwsLCwsLCwsLCwsLCwsLCwsLCwsLCwsLCwsLCwsLCwsLCwsLCwsLCwsLCwsHDrASUpAHnJhbktAAAAAElFTkSuQmCC",Rating 5 Star,Aurora-Mall,(31)
Iphone 11 Pro Max 256gb second fullset mulus terawat - Grey,Iphone 11 Pro Max 256gb second fullset mulus terawat - Grey,Rp9.698.000,"data:image/png;base64,iVBORw0KGgoAAAANSUhEUgAAAHgAAAB4CAQAAACTbf5ZAAAAiklEQVR42u3PMQEAAAwCoNm/9Cr4Cw3IjYmwsLCwsLCwsLCwsLCwsLCwsLCwsLCwsLCwsLCwsLCwsLCwsLCwsLCwsLCwsLCwsLCwsLCwsLCwsLCwsLCwsLCwsLCwsLCwsLCwsLCwsLCwsLCwsLCwsLCwsLCwsLCwsLCwsLCwsLCwsLCwsLCwsHDrASUpAHnJhbktAAAAAElFTkSuQmCC",Rating 5 Star,excelappleshop,(41)
IPHONE 11 PRO MAX 256 GB / 64GB Original 100% second inter,IPHONE 11 PRO MAX 256 GB / 64GB Original 100% second inter,Rp9.150.000,"data:image/png;base64,iVBORw0KGgoAAAANSUhEUgAAAHgAAAB4CAQAAACTbf5ZAAAAiklEQVR42u3PMQEAAAwCoNm/9Cr4Cw3IjYmwsLCwsLCwsLCwsLCwsLCwsLCwsLCwsLCwsLCwsLCwsLCwsLCwsLCwsLCwsLCwsLCwsLCwsLCwsLCwsLCwsLCwsLCwsLCwsLCwsLCwsLCwsLCwsLCwsLCwsLCwsLCwsLCwsLCwsLCwsLCwsLCwsHDrASUpAHnJhbktAAAAAElFTkSuQmCC",Rating 5 Star,yunishop00,(108)
hp 107a w1107a black,hp 107a w1107a black,Rp3.650.000,"data:image/png;base64,iVBORw0KGgoAAAANSUhEUgAAAHgAAAB4CAQAAACTbf5ZAAAAiklEQVR42u3PMQEAAAwCoNm/9Cr4Cw3IjYmwsLCwsLCwsLCwsLCwsLCwsLCwsLCwsLCwsLCwsLCwsLCwsLCwsLCwsLCwsLCwsLCwsLCwsLCwsLCwsLCwsLCwsLCwsLCwsLCwsLCwsLCwsLCwsLCwsLCwsLCwsLCwsLCwsLCwsLCwsLCwsLCwsHDrASUpAHnJhbktAAAAAElFTkSuQmCC",Rating 0 Star,ALAY JAYA PRINT,
iPhone 13 Pro Max | Likgus Crystal Clear - Hitam,iPhone 13 Pro Max | Likgus Crystal Clear - Hitam,Rp79.999,"data:image/png;base64,iVBORw0KGgoAAAANSUhEUgAAAHgAAAB4CAQAAACTbf5ZAAAAiklEQVR42u3PMQEAAAwCoNm/9Cr4Cw3IjYmwsLCwsLCwsLCwsLCwsLCwsLCwsLCwsLCwsLCwsLCwsLCwsLCwsLCwsLCwsLCwsLCwsLCwsLCwsLCwsLCwsLCwsLCwsLCwsLCwsLCwsLCwsLCwsLCwsLCwsLCwsLCwsLCwsLCwsLCwsLCwsLCwsHDrASUpAHnJhbktAAAAAElFTkSuQmCC",Rating 0 Star,AIMILE,
Sony Xperia XZ2 4-64gb Second Orignal Mulus,Sony Xperia XZ2 4-64gb Second Orignal Mulus,Rp1.250.000,"data:image/png;base64,iVBORw0KGgoAAAANSUhEUgAAAHgAAAB4CAQAAACTbf5ZAAAAiklEQVR42u3PMQEAAAwCoNm/9Cr4Cw3IjYmwsLCwsLCwsLCwsLCwsLCwsLCwsLCwsLCwsLCwsLCwsLCwsLCwsLCwsLCwsLCwsLCwsLCwsLCwsLCwsLCwsLCwsLCwsLCwsLCwsLCwsLCwsLCwsLCwsLCwsLCwsLCwsLCwsLCwsLCwsLCwsLCwsHDrASUpAHnJhbktAAAAAElFTkSuQmCC",Rating 5 Star,GoldenCityCell,(1199)
Infinix Hot 11s NFC 4/64GB + 6/128GB Garansi Resmi,Infinix Hot 11s NFC 4/64GB + 6/128GB Garansi Resmi,Rp1.949.000,"data:image/png;base64,iVBORw0KGgoAAAANSUhEUgAAAHgAAAB4CAQAAACTbf5ZAAAAiklEQVR42u3PMQEAAAwCoNm/9Cr4Cw3IjYmwsLCwsLCwsLCwsLCwsLCwsLCwsLCwsLCwsLCwsLCwsLCwsLCwsLCwsLCwsLCwsLCwsLCwsLCwsLCwsLCwsLCwsLCwsLCwsLCwsLCwsLCwsLCwsLCwsLCwsLCwsLCwsLCwsLCwsLCwsLCwsLCwsHDrASUpAHnJhbktAAAAAElFTkSuQmCC",Rating 5 Star,duniagadgetku,(956)
Xiaomi Redmi Note 10 5G 4/128GB + 6/128GB + 8/128GB Garansi Resmi,Xiaomi Redmi Note 10 5G 4/128GB + 6/128GB + 8/128GB Garansi Resmi,Rp2.689.000,"data:image/png;base64,iVBORw0KGgoAAAANSUhEUgAAAHgAAAB4CAQAAACTbf5ZAAAAiklEQVR42u3PMQEAAAwCoNm/9Cr4Cw3IjYmwsLCwsLCwsLCwsLCwsLCwsLCwsLCwsLCwsLCwsLCwsLCwsLCwsLCwsLCwsLCwsLCwsLCwsLCwsLCwsLCwsLCwsLCwsLCwsLCwsLCwsLCwsLCwsLCwsLCwsLCwsLCwsLCwsLCwsLCwsLCwsLCwsHDrASUpAHnJhbktAAAAAElFTkSuQmCC",Rating 5 Star,duniagadgetku,(934)
XIAOMI POCOPHONE POCO F3 5G - NFC - 8GB 256GB 8/256 - SNAPDRAGON 870,XIAOMI POCOPHONE POCO F3 5G - NFC - 8GB 256GB 8/256 - SNAPDRAGON 870,Rp5.499.900,"data:image/png;base64,iVBORw0KGgoAAAANSUhEUgAAAHgAAAB4CAQAAACTbf5ZAAAAiklEQVR42u3PMQEAAAwCoNm/9Cr4Cw3IjYmwsLCwsLCwsLCwsLCwsLCwsLCwsLCwsLCwsLCwsLCwsLCwsLCwsLCwsLCwsLCwsLCwsLCwsLCwsLCwsLCwsLCwsLCwsLCwsLCwsLCwsLCwsLCwsLCwsLCwsLCwsLCwsLCwsLCwsLCwsLCwsLCwsHDrASUpAHnJhbktAAAAAElFTkSuQmCC",Rating 5 Star,Shopyz ID,(891)
Xiaomi Poco M3 Pro 5G 6/128 GB Garansi Resmi,Xiaomi Poco M3 Pro 5G 6/128 GB Garansi Resmi,Rp2.893.000,"data:image/png;base64,iVBORw0KGgoAAAANSUhEUgAAAHgAAAB4CAQAAACTbf5ZAAAAiklEQVR42u3PMQEAAAwCoNm/9Cr4Cw3IjYmwsLCwsLCwsLCwsLCwsLCwsLCwsLCwsLCwsLCwsLCwsLCwsLCwsLCwsLCwsLCwsLCwsLCwsLCwsLCwsLCwsLCwsLCwsLCwsLCwsLCwsLCwsLCwsLCwsLCwsLCwsLCwsLCwsLCwsLCwsLCwsLCwsHDrASUpAHnJhbktAAAAAElFTkSuQmCC",Rating 5 Star,Gudang-HP,(980)
APPLE IPHONE 7 PLUS 128GB ROSEGOLD GARANSI 1 TAHUN,APPLE IPHONE 7 PLUS 128GB ROSEGOLD GARANSI 1 TAHUN,Rp3.200.000,"data:image/png;base64,iVBORw0KGgoAAAANSUhEUgAAAHgAAAB4CAQAAACTbf5ZAAAAiklEQVR42u3PMQEAAAwCoNm/9Cr4Cw3IjYmwsLCwsLCwsLCwsLCwsLCwsLCwsLCwsLCwsLCwsLCwsLCwsLCwsLCwsLCwsLCwsLCwsLCwsLCwsLCwsLCwsLCwsLCwsLCwsLCwsLCwsLCwsLCwsLCwsLCwsLCwsLCwsLCwsLCwsLCwsLCwsLCwsHDrASUpAHnJhbktAAAAAElFTkSuQmCC",Rating 5 Star,ELEPHONE,(24)
"iPhone 11 128GB Bekas Original 100% Fullset - iPhone 11 - Ungu, 128 gb","iPhone 11 128GB Bekas Original 100% Fullset - iPhone 11 - Ungu, 128 gb",Rp6.798.000,"data:image/png;base64,iVBORw0KGgoAAAANSUhEUgAAAHgAAAB4CAQAAACTbf5ZAAAAiklEQVR42u3PMQEAAAwCoNm/9Cr4Cw3IjYmwsLCwsLCwsLCwsLCwsLCwsLCwsLCwsLCwsLCwsLCwsLCwsLCwsLCwsLCwsLCwsLCwsLCwsLCwsLCwsLCwsLCwsLCwsLCwsLCwsLCwsLCwsLCwsLCwsLCwsLCwsLCwsLCwsLCwsLCwsLCwsLCwsHDrASUpAHnJhbktAAAAAElFTkSuQmCC",Rating 5 Star,YHstore889,(29)
Samsung Galaxy M52 5G 8/128 GB RAM 8 ROM 128GB Handphone Hp Garansi,Samsung Galaxy M52 5G 8/128 GB RAM 8 ROM 128GB Handphone Hp Garansi,Rp4.310.000,"data:image/png;base64,iVBORw0KGgoAAAANSUhEUgAAAHgAAAB4CAQAAACTbf5ZAAAAiklEQVR42u3PMQEAAAwCoNm/9Cr4Cw3IjYmwsLCwsLCwsLCwsLCwsLCwsLCwsLCwsLCwsLCwsLCwsLCwsLCwsLCwsLCwsLCwsLCwsLCwsLCwsLCwsLCwsLCwsLCwsLCwsLCwsLCwsLCwsLCwsLCwsLCwsLCwsLCwsLCwsLCwsLCwsLCwsLCwsHDrASUpAHnJhbktAAAAAElFTkSuQmCC",Rating 5 Star,SUPER_GADGET,(195)
Samsung Galaxy A03 4/64GB - Red,Samsung Galaxy A03 4/64GB - Red,Rp1.799.000,"data:image/png;base64,iVBORw0KGgoAAAANSUhEUgAAAHgAAAB4CAQAAACTbf5ZAAAAiklEQVR42u3PMQEAAAwCoNm/9Cr4Cw3IjYmwsLCwsLCwsLCwsLCwsLCwsLCwsLCwsLCwsLCwsLCwsLCwsLCwsLCwsLCwsLCwsLCwsLCwsLCwsLCwsLCwsLCwsLCwsLCwsLCwsLCwsLCwsLCwsLCwsLCwsLCwsLCwsLCwsLCwsLCwsLCwsLCwsHDrASUpAHnJhbktAAAAAElFTkSuQmCC",Rating 5 Star,Andalas - Samsung Authorized,(1)
hp samsung gt s5611 termurah original camera dual sim,hp samsung gt s5611 termurah original camera dual sim,Rp295.000,"data:image/png;base64,iVBORw0KGgoAAAANSUhEUgAAAHgAAAB4CAQAAACTbf5ZAAAAiklEQVR42u3PMQEAAAwCoNm/9Cr4Cw3IjYmwsLCwsLCwsLCwsLCwsLCwsLCwsLCwsLCwsLCwsLCwsLCwsLCwsLCwsLCwsLCwsLCwsLCwsLCwsLCwsLCwsLCwsLCwsLCwsLCwsLCwsLCwsLCwsLCwsLCwsLCwsLCwsLCwsLCwsLCwsLCwsLCwsHDrASUpAHnJhbktAAAAAElFTkSuQmCC",Rating 5 Star,Little Master.shop,(35)
XIAOMI REDMI 9A RAM 2/32GB GARANSI RESMI,XIAOMI REDMI 9A RAM 2/32GB GARANSI RESMI,Rp1.245.000,"data:image/png;base64,iVBORw0KGgoAAAANSUhEUgAAAHgAAAB4CAQAAACTbf5ZAAAAiklEQVR42u3PMQEAAAwCoNm/9Cr4Cw3IjYmwsLCwsLCwsLCwsLCwsLCwsLCwsLCwsLCwsLCwsLCwsLCwsLCwsLCwsLCwsLCwsLCwsLCwsLCwsLCwsLCwsLCwsLCwsLCwsLCwsLCwsLCwsLCwsLCwsLCwsLCwsLCwsLCwsLCwsLCwsLCwsLCwsHDrASUpAHnJhbktAAAAAElFTkSuQmCC",Rating 5 Star,Garden Cell Official,(646)
OPPO F9 GARANSI RESMI OPPO INDONESIA,OPPO F9 GARANSI RESMI OPPO INDONESIA,Rp2.499.000,"data:image/png;base64,iVBORw0KGgoAAAANSUhEUgAAAHgAAAB4CAQAAACTbf5ZAAAAiklEQVR42u3PMQEAAAwCoNm/9Cr4Cw3IjYmwsLCwsLCwsLCwsLCwsLCwsLCwsLCwsLCwsLCwsLCwsLCwsLCwsLCwsLCwsLCwsLCwsLCwsLCwsLCwsLCwsLCwsLCwsLCwsLCwsLCwsLCwsLCwsLCwsLCwsLCwsLCwsLCwsLCwsLCwsLCwsLCwsHDrASUpAHnJhbktAAAAAElFTkSuQmCC",Rating 5 Star,Grandstore cell,(995)
OPPO A53 RAM 4/64 GB GARANSI RESMI OPPO INDONESIA,OPPO A53 RAM 4/64 GB GARANSI RESMI OPPO INDONESIA,Rp1.719.000,"data:image/png;base64,iVBORw0KGgoAAAANSUhEUgAAAHgAAAB4CAQAAACTbf5ZAAAAiklEQVR42u3PMQEAAAwCoNm/9Cr4Cw3IjYmwsLCwsLCwsLCwsLCwsLCwsLCwsLCwsLCwsLCwsLCwsLCwsLCwsLCwsLCwsLCwsLCwsLCwsLCwsLCwsLCwsLCwsLCwsLCwsLCwsLCwsLCwsLCwsLCwsLCwsLCwsLCwsLCwsLCwsLCwsLCwsLCwsHDrASUpAHnJhbktAAAAAElFTkSuQmCC",Rating 5 Star,Grandstore cell,(732)
Oppo Reno 6 Ram 8GB+128GB Garansi Resmi Oppo 1 Tahun,Oppo Reno 6 Ram 8GB+128GB Garansi Resmi Oppo 1 Tahun,Rp4.427.000,"data:image/png;base64,iVBORw0KGgoAAAANSUhEUgAAAHgAAAB4CAQAAACTbf5ZAAAAiklEQVR42u3PMQEAAAwCoNm/9Cr4Cw3IjYmwsLCwsLCwsLCwsLCwsLCwsLCwsLCwsLCwsLCwsLCwsLCwsLCwsLCwsLCwsLCwsLCwsLCwsLCwsLCwsLCwsLCwsLCwsLCwsLCwsLCwsLCwsLCwsLCwsLCwsLCwsLCwsLCwsLCwsLCwsLCwsLCwsHDrASUpAHnJhbktAAAAAElFTkSuQmCC",Rating 5 Star,36shop,(696)
Xiaomi Redmi 9C 3/32 GB Garansi Resmi 3GB / 32 GB,Xiaomi Redmi 9C 3/32 GB Garansi Resmi 3GB / 32 GB,Rp1.474.999,"data:image/png;base64,iVBORw0KGgoAAAANSUhEUgAAAHgAAAB4CAQAAACTbf5ZAAAAiklEQVR42u3PMQEAAAwCoNm/9Cr4Cw3IjYmwsLCwsLCwsLCwsLCwsLCwsLCwsLCwsLCwsLCwsLCwsLCwsLCwsLCwsLCwsLCwsLCwsLCwsLCwsLCwsLCwsLCwsLCwsLCwsLCwsLCwsLCwsLCwsLCwsLCwsLCwsLCwsLCwsLCwsLCwsLCwsLCwsHDrASUpAHnJhbktAAAAAElFTkSuQmCC",Rating 5 Star,Flowereve,(690)
OPPO A3s hp ram 3/32GB 6.2inches screen 8MP+13MP kamera smartphone,OPPO A3s hp ram 3/32GB 6.2inches screen 8MP+13MP kamera smartphone,Rp1.030.000,"data:image/png;base64,iVBORw0KGgoAAAANSUhEUgAAAHgAAAB4CAQAAACTbf5ZAAAAiklEQVR42u3PMQEAAAwCoNm/9Cr4Cw3IjYmwsLCwsLCwsLCwsLCwsLCwsLCwsLCwsLCwsLCwsLCwsLCwsLCwsLCwsLCwsLCwsLCwsLCwsLCwsLCwsLCwsLCwsLCwsLCwsLCwsLCwsLCwsLCwsLCwsLCwsLCwsLCwsLCwsLCwsLCwsLCwsLCwsHDrASUpAHnJhbktAAAAAElFTkSuQmCC",Rating 5 Star,kualitas asuransi,(20)
HP OPPO A3S 4/64GB FULLSET GARANSI 1 TAHUN,HP OPPO A3S 4/64GB FULLSET GARANSI 1 TAHUN,Rp158.400,"data:image/png;base64,iVBORw0KGgoAAAANSUhEUgAAAHgAAAB4CAQAAACTbf5ZAAAAiklEQVR42u3PMQEAAAwCoNm/9Cr4Cw3IjYmwsLCwsLCwsLCwsLCwsLCwsLCwsLCwsLCwsLCwsLCwsLCwsLCwsLCwsLCwsLCwsLCwsLCwsLCwsLCwsLCwsLCwsLCwsLCwsLCwsLCwsLCwsLCwsLCwsLCwsLCwsLCwsLCwsLCwsLCwsLCwsLCwsHDrASUpAHnJhbktAAAAAElFTkSuQmCC",Rating 5 Star,lifestyle 3C,(68)
Samsung Galaxy S9+ SM-G965 64GB Midnight Black Garansi Resmi,Samsung Galaxy S9+ SM-G965 64GB Midnight Black Garansi Resmi,Rp6.600.000,"data:image/png;base64,iVBORw0KGgoAAAANSUhEUgAAAHgAAAB4CAQAAACTbf5ZAAAAiklEQVR42u3PMQEAAAwCoNm/9Cr4Cw3IjYmwsLCwsLCwsLCwsLCwsLCwsLCwsLCwsLCwsLCwsLCwsLCwsLCwsLCwsLCwsLCwsLCwsLCwsLCwsLCwsLCwsLCwsLCwsLCwsLCwsLCwsLCwsLCwsLCwsLCwsLCwsLCwsLCwsLCwsLCwsLCwsLCwsHDrASUpAHnJhbktAAAAAElFTkSuQmCC",Rating 0 Star,Oyo Cell,
"Xiaomi Redmi 9A 2/32GB 6.53"" HD Mi Smartphone HP Android","Xiaomi Redmi 9A 2/32GB 6.53"" HD Mi Smartphone HP Android",Rp1.299.000,"data:image/png;base64,iVBORw0KGgoAAAANSUhEUgAAAHgAAAB4CAQAAACTbf5ZAAAAiklEQVR42u3PMQEAAAwCoNm/9Cr4Cw3IjYmwsLCwsLCwsLCwsLCwsLCwsLCwsLCwsLCwsLCwsLCwsLCwsLCwsLCwsLCwsLCwsLCwsLCwsLCwsLCwsLCwsLCwsLCwsLCwsLCwsLCwsLCwsLCwsLCwsLCwsLCwsLCwsLCwsLCwsLCwsLCwsLCwsHDrASUpAHnJhbktAAAAAElFTkSuQmCC",Rating 5 Star,Xiaomi Official Store,(95)
Xiaomi Redmi Note 5 Hp Baru Murah Layar 5.99” Smartphone 4G LTE,Xiaomi Redmi Note 5 Hp Baru Murah Layar 5.99” Smartphone 4G LTE,Rp1.259.000,"data:image/png;base64,iVBORw0KGgoAAAANSUhEUgAAAHgAAAB4CAQAAACTbf5ZAAAAiklEQVR42u3PMQEAAAwCoNm/9Cr4Cw3IjYmwsLCwsLCwsLCwsLCwsLCwsLCwsLCwsLCwsLCwsLCwsLCwsLCwsLCwsLCwsLCwsLCwsLCwsLCwsLCwsLCwsLCwsLCwsLCwsLCwsLCwsLCwsLCwsLCwsLCwsLCwsLCwsLCwsLCwsLCwsLCwsLCwsHDrASUpAHnJhbktAAAAAElFTkSuQmCC",Rating 0 Star,Hptokoo,
"Advan G9Pro 6.6"" 6GB 64GB QuadCam Octacore Android10 Garansi Resmi","Advan G9Pro 6.6"" 6GB 64GB QuadCam Octacore Android10 Garansi Resmi",Rp1.499.000,"data:image/png;base64,iVBORw0KGgoAAAANSUhEUgAAAHgAAAB4CAQAAACTbf5ZAAAAiklEQVR42u3PMQEAAAwCoNm/9Cr4Cw3IjYmwsLCwsLCwsLCwsLCwsLCwsLCwsLCwsLCwsLCwsLCwsLCwsLCwsLCwsLCwsLCwsLCwsLCwsLCwsLCwsLCwsLCwsLCwsLCwsLCwsLCwsLCwsLCwsLCwsLCwsLCwsLCwsLCwsLCwsLCwsLCwsLCwsHDrASUpAHnJhbktAAAAAElFTkSuQmCC",Rating 5 Star,Advan Official Store,(897)
iPhone XR 64GB BEKAS ORIGINAL 100% | MULUS FULLSET,iPhone XR 64GB BEKAS ORIGINAL 100% | MULUS FULLSET,Rp4.400.000,"data:image/png;base64,iVBORw0KGgoAAAANSUhEUgAAAHgAAAB4CAQAAACTbf5ZAAAAiklEQVR42u3PMQEAAAwCoNm/9Cr4Cw3IjYmwsLCwsLCwsLCwsLCwsLCwsLCwsLCwsLCwsLCwsLCwsLCwsLCwsLCwsLCwsLCwsLCwsLCwsLCwsLCwsLCwsLCwsLCwsLCwsLCwsLCwsLCwsLCwsLCwsLCwsLCwsLCwsLCwsLCwsLCwsLCwsLCwsHDrASUpAHnJhbktAAAAAElFTkSuQmCC",Rating 5 Star,QQ store168,(633)
Realme C11 2/32 RAM 2GB ROM 32GB GARANSI RESMI REALME,Realme C11 2/32 RAM 2GB ROM 32GB GARANSI RESMI REALME,Rp1.230.000,"data:image/png;base64,iVBORw0KGgoAAAANSUhEUgAAAHgAAAB4CAQAAACTbf5ZAAAAiklEQVR42u3PMQEAAAwCoNm/9Cr4Cw3IjYmwsLCwsLCwsLCwsLCwsLCwsLCwsLCwsLCwsLCwsLCwsLCwsLCwsLCwsLCwsLCwsLCwsLCwsLCwsLCwsLCwsLCwsLCwsLCwsLCwsLCwsLCwsLCwsLCwsLCwsLCwsLCwsLCwsLCwsLCwsLCwsLCwsHDrASUpAHnJhbktAAAAAElFTkSuQmCC",Rating 5 Star,enterphone2,(608)
Original HDC Ultimate iPhone 11 Pro Max 3G/16GB 1 : 1 LIKE ORI,Original HDC Ultimate iPhone 11 Pro Max 3G/16GB 1 : 1 LIKE ORI,Rp1.470.000,"data:image/png;base64,iVBORw0KGgoAAAANSUhEUgAAAHgAAAB4CAQAAACTbf5ZAAAAiklEQVR42u3PMQEAAAwCoNm/9Cr4Cw3IjYmwsLCwsLCwsLCwsLCwsLCwsLCwsLCwsLCwsLCwsLCwsLCwsLCwsLCwsLCwsLCwsLCwsLCwsLCwsLCwsLCwsLCwsLCwsLCwsLCwsLCwsLCwsLCwsLCwsLCwsLCwsLCwsLCwsLCwsLCwsLCwsLCwsHDrASUpAHnJhbktAAAAAElFTkSuQmCC",Rating 5 Star,Orion Gadget,(884)
Infinix Note 10 Pro NFC 6/64 GB + 8/128 GB Garansi Resmi,Infinix Note 10 Pro NFC 6/64 GB + 8/128 GB Garansi Resmi,Rp2.399.000,"data:image/png;base64,iVBORw0KGgoAAAANSUhEUgAAAHgAAAB4CAQAAACTbf5ZAAAAiklEQVR42u3PMQEAAAwCoNm/9Cr4Cw3IjYmwsLCwsLCwsLCwsLCwsLCwsLCwsLCwsLCwsLCwsLCwsLCwsLCwsLCwsLCwsLCwsLCwsLCwsLCwsLCwsLCwsLCwsLCwsLCwsLCwsLCwsLCwsLCwsLCwsLCwsLCwsLCwsLCwsLCwsLCwsLCwsLCwsHDrASUpAHnJhbktAAAAAElFTkSuQmCC",Rating 5 Star,duniagadgetku,(534)
"IPHONE 13 PRO MAX 4G ,Original HDC - Like original 6'7 inch full scren","IPHONE 13 PRO MAX 4G ,Original HDC - Like original 6'7 inch full scren",Rp2.800.000,"data:image/png;base64,iVBORw0KGgoAAAANSUhEUgAAAHgAAAB4CAQAAACTbf5ZAAAAiklEQVR42u3PMQEAAAwCoNm/9Cr4Cw3IjYmwsLCwsLCwsLCwsLCwsLCwsLCwsLCwsLCwsLCwsLCwsLCwsLCwsLCwsLCwsLCwsLCwsLCwsLCwsLCwsLCwsLCwsLCwsLCwsLCwsLCwsLCwsLCwsLCwsLCwsLCwsLCwsLCwsLCwsLCwsLCwsLCwsHDrASUpAHnJhbktAAAAAElFTkSuQmCC",Rating 5 Star,Qiuqiu_Gadget,(4)
iphone 11 pro 64gb second fullset mulus no minus,iphone 11 pro 64gb second fullset mulus no minus,Rp7.913.720,"data:image/png;base64,iVBORw0KGgoAAAANSUhEUgAAAHgAAAB4CAQAAACTbf5ZAAAAiklEQVR42u3PMQEAAAwCoNm/9Cr4Cw3IjYmwsLCwsLCwsLCwsLCwsLCwsLCwsLCwsLCwsLCwsLCwsLCwsLCwsLCwsLCwsLCwsLCwsLCwsLCwsLCwsLCwsLCwsLCwsLCwsLCwsLCwsLCwsLCwsLCwsLCwsLCwsLCwsLCwsLCwsLCwsLCwsLCwsHDrASUpAHnJhbktAAAAAElFTkSuQmCC",Rating 5 Star,Apple_shop,(42)
Infinix Note 11 Pro 8/128GB - Garansi Resmi,Infinix Note 11 Pro 8/128GB - Garansi Resmi,Rp2.699.000,"data:image/png;base64,iVBORw0KGgoAAAANSUhEUgAAAHgAAAB4CAQAAACTbf5ZAAAAiklEQVR42u3PMQEAAAwCoNm/9Cr4Cw3IjYmwsLCwsLCwsLCwsLCwsLCwsLCwsLCwsLCwsLCwsLCwsLCwsLCwsLCwsLCwsLCwsLCwsLCwsLCwsLCwsLCwsLCwsLCwsLCwsLCwsLCwsLCwsLCwsLCwsLCwsLCwsLCwsLCwsLCwsLCwsLCwsLCwsHDrASUpAHnJhbktAAAAAElFTkSuQmCC",Rating 5 Star,Gadget Centre Official,(2)
Samsung Galaxy M12 4GB/64GB,Samsung Galaxy M12 4GB/64GB,Rp1.999.000,"data:image/png;base64,iVBORw0KGgoAAAANSUhEUgAAAHgAAAB4CAQAAACTbf5ZAAAAiklEQVR42u3PMQEAAAwCoNm/9Cr4Cw3IjYmwsLCwsLCwsLCwsLCwsLCwsLCwsLCwsLCwsLCwsLCwsLCwsLCwsLCwsLCwsLCwsLCwsLCwsLCwsLCwsLCwsLCwsLCwsLCwsLCwsLCwsLCwsLCwsLCwsLCwsLCwsLCwsLCwsLCwsLCwsLCwsLCwsHDrASUpAHnJhbktAAAAAElFTkSuQmCC",Rating 5 Star,Samsung Official Store,(413)
APPLE IPHONE XS MAX 64GB BARU GARANSI 1 TAHUN NORMAL ALL OPERATOR - SILVER,APPLE IPHONE XS MAX 64GB BARU GARANSI 1 TAHUN NORMAL ALL OPERATOR - SILVER,Rp6.100.000,"data:image/png;base64,iVBORw0KGgoAAAANSUhEUgAAAHgAAAB4CAQAAACTbf5ZAAAAiklEQVR42u3PMQEAAAwCoNm/9Cr4Cw3IjYmwsLCwsLCwsLCwsLCwsLCwsLCwsLCwsLCwsLCwsLCwsLCwsLCwsLCwsLCwsLCwsLCwsLCwsLCwsLCwsLCwsLCwsLCwsLCwsLCwsLCwsLCwsLCwsLCwsLCwsLCwsLCwsLCwsLCwsLCwsLCwsLCwsHDrASUpAHnJhbktAAAAAElFTkSuQmCC",Rating 5 Star,MY IPHONESTORE,(3)
Samsung Galaxy M12 4/64GB 3/32GB Garansi Resmi 3 GB 32 GB 4 GB 64 GB,Samsung Galaxy M12 4/64GB 3/32GB Garansi Resmi 3 GB 32 GB 4 GB 64 GB,Rp1.593.000,"data:image/png;base64,iVBORw0KGgoAAAANSUhEUgAAAHgAAAB4CAQAAACTbf5ZAAAAiklEQVR42u3PMQEAAAwCoNm/9Cr4Cw3IjYmwsLCwsLCwsLCwsLCwsLCwsLCwsLCwsLCwsLCwsLCwsLCwsLCwsLCwsLCwsLCwsLCwsLCwsLCwsLCwsLCwsLCwsLCwsLCwsLCwsLCwsLCwsLCwsLCwsLCwsLCwsLCwsLCwsLCwsLCwsLCwsLCwsHDrASUpAHnJhbktAAAAAElFTkSuQmCC",Rating 5 Star,Distributor Ponsel,(613)
Nokia 105 New (2019) Garansi Resmi TAM,Nokia 105 New (2019) Garansi Resmi TAM,Rp230.000,"data:image/png;base64,iVBORw0KGgoAAAANSUhEUgAAAHgAAAB4CAQAAACTbf5ZAAAAiklEQVR42u3PMQEAAAwCoNm/9Cr4Cw3IjYmwsLCwsLCwsLCwsLCwsLCwsLCwsLCwsLCwsLCwsLCwsLCwsLCwsLCwsLCwsLCwsLCwsLCwsLCwsLCwsLCwsLCwsLCwsLCwsLCwsLCwsLCwsLCwsLCwsLCwsLCwsLCwsLCwsLCwsLCwsLCwsLCwsHDrASUpAHnJhbktAAAAAElFTkSuQmCC",Rating 5 Star,Aaronnick,(453)
Advan Hammer R2 Hp Murah Garansi Resmi,Advan Hammer R2 Hp Murah Garansi Resmi,Rp135.000,"data:image/png;base64,iVBORw0KGgoAAAANSUhEUgAAAHgAAAB4CAQAAACTbf5ZAAAAiklEQVR42u3PMQEAAAwCoNm/9Cr4Cw3IjYmwsLCwsLCwsLCwsLCwsLCwsLCwsLCwsLCwsLCwsLCwsLCwsLCwsLCwsLCwsLCwsLCwsLCwsLCwsLCwsLCwsLCwsLCwsLCwsLCwsLCwsLCwsLCwsLCwsLCwsLCwsLCwsLCwsLCwsLCwsLCwsLCwsHDrASUpAHnJhbktAAAAAElFTkSuQmCC",Rating 5 Star,Kreasindo Online,(539)
iPhone 128GB 256GB 512GB 12 Pro Max Graphite Blue Gold 128 256 512,iPhone 128GB 256GB 512GB 12 Pro Max Graphite Blue Gold 128 256 512,Rp17.990.000,"data:image/png;base64,iVBORw0KGgoAAAANSUhEUgAAAHgAAAB4CAQAAACTbf5ZAAAAiklEQVR42u3PMQEAAAwCoNm/9Cr4Cw3IjYmwsLCwsLCwsLCwsLCwsLCwsLCwsLCwsLCwsLCwsLCwsLCwsLCwsLCwsLCwsLCwsLCwsLCwsLCwsLCwsLCwsLCwsLCwsLCwsLCwsLCwsLCwsLCwsLCwsLCwsLCwsLCwsLCwsLCwsLCwsLCwsLCwsHDrASUpAHnJhbktAAAAAElFTkSuQmCC",Rating 5 Star,Putra Group,(459)
samsung Lipat GT-E1272 dual sim hp jadul kondisi baru,samsung Lipat GT-E1272 dual sim hp jadul kondisi baru,Rp169.900,"data:image/png;base64,iVBORw0KGgoAAAANSUhEUgAAAHgAAAB4CAQAAACTbf5ZAAAAiklEQVR42u3PMQEAAAwCoNm/9Cr4Cw3IjYmwsLCwsLCwsLCwsLCwsLCwsLCwsLCwsLCwsLCwsLCwsLCwsLCwsLCwsLCwsLCwsLCwsLCwsLCwsLCwsLCwsLCwsLCwsLCwsLCwsLCwsLCwsLCwsLCwsLCwsLCwsLCwsLCwsLCwsLCwsLCwsLCwsHDrASUpAHnJhbktAAAAAElFTkSuQmCC",Rating 5 Star,JD STORE..,(1271)
SAMSUNG GALAXY M32 - NFC - 5000mAh - 6GB 128GB 6/128 - Garansi Resmi,SAMSUNG GALAXY M32 - NFC - 5000mAh - 6GB 128GB 6/128 - Garansi Resmi,Rp2.779.900,"data:image/png;base64,iVBORw0KGgoAAAANSUhEUgAAAHgAAAB4CAQAAACTbf5ZAAAAiklEQVR42u3PMQEAAAwCoNm/9Cr4Cw3IjYmwsLCwsLCwsLCwsLCwsLCwsLCwsLCwsLCwsLCwsLCwsLCwsLCwsLCwsLCwsLCwsLCwsLCwsLCwsLCwsLCwsLCwsLCwsLCwsLCwsLCwsLCwsLCwsLCwsLCwsLCwsLCwsLCwsLCwsLCwsLCwsLCwsHDrASUpAHnJhbktAAAAAElFTkSuQmCC",Rating 5 Star,Shopyz ID,(425)
Samsung J2 prime,Samsung J2 prime,Rp1.300.000,"data:image/png;base64,iVBORw0KGgoAAAANSUhEUgAAAHgAAAB4CAQAAACTbf5ZAAAAiklEQVR42u3PMQEAAAwCoNm/9Cr4Cw3IjYmwsLCwsLCwsLCwsLCwsLCwsLCwsLCwsLCwsLCwsLCwsLCwsLCwsLCwsLCwsLCwsLCwsLCwsLCwsLCwsLCwsLCwsLCwsLCwsLCwsLCwsLCwsLCwsLCwsLCwsLCwsLCwsLCwsLCwsLCwsLCwsLCwsHDrASUpAHnJhbktAAAAAElFTkSuQmCC",Rating 5 Star,HN Store 2003,(457)
OPPO A12 RAM 3/32 GB GARANSI RESMI OPPO INDONESIA 1 TAHUN,OPPO A12 RAM 3/32 GB GARANSI RESMI OPPO INDONESIA 1 TAHUN,Rp1.549.000,"data:image/png;base64,iVBORw0KGgoAAAANSUhEUgAAAHgAAAB4CAQAAACTbf5ZAAAAiklEQVR42u3PMQEAAAwCoNm/9Cr4Cw3IjYmwsLCwsLCwsLCwsLCwsLCwsLCwsLCwsLCwsLCwsLCwsLCwsLCwsLCwsLCwsLCwsLCwsLCwsLCwsLCwsLCwsLCwsLCwsLCwsLCwsLCwsLCwsLCwsLCwsLCwsLCwsLCwsLCwsLCwsLCwsLCwsLCwsHDrASUpAHnJhbktAAAAAElFTkSuQmCC",Rating 5 Star,Mitra Ponsel 88,(458)
XIAOMI REDMI NOTE 9 RAM 6/128 GRS RESMI,XIAOMI REDMI NOTE 9 RAM 6/128 GRS RESMI,Rp3.029.000,"data:image/png;base64,iVBORw0KGgoAAAANSUhEUgAAAHgAAAB4CAQAAACTbf5ZAAAAiklEQVR42u3PMQEAAAwCoNm/9Cr4Cw3IjYmwsLCwsLCwsLCwsLCwsLCwsLCwsLCwsLCwsLCwsLCwsLCwsLCwsLCwsLCwsLCwsLCwsLCwsLCwsLCwsLCwsLCwsLCwsLCwsLCwsLCwsLCwsLCwsLCwsLCwsLCwsLCwsLCwsLCwsLCwsLCwsLCwsHDrASUpAHnJhbktAAAAAElFTkSuQmCC",Rating 5 Star,Bintang Terang Cell,(460)
Samsung Galaxy A12 4/128 Garansi Resmi,Samsung Galaxy A12 4/128 Garansi Resmi,Rp2.119.000,"data:image/png;base64,iVBORw0KGgoAAAANSUhEUgAAAHgAAAB4CAQAAACTbf5ZAAAAiklEQVR42u3PMQEAAAwCoNm/9Cr4Cw3IjYmwsLCwsLCwsLCwsLCwsLCwsLCwsLCwsLCwsLCwsLCwsLCwsLCwsLCwsLCwsLCwsLCwsLCwsLCwsLCwsLCwsLCwsLCwsLCwsLCwsLCwsLCwsLCwsLCwsLCwsLCwsLCwsLCwsLCwsLCwsLCwsLCwsHDrASUpAHnJhbktAAAAAElFTkSuQmCC",Rating 5 Star,Sumber Teguh,(390)
VIVO Y50 RAM 8/128 GB GARANSI RESMI VIVO INDONESIA,VIVO Y50 RAM 8/128 GB GARANSI RESMI VIVO INDONESIA,Rp2.379.900,"data:image/png;base64,iVBORw0KGgoAAAANSUhEUgAAAHgAAAB4CAQAAACTbf5ZAAAAiklEQVR42u3PMQEAAAwCoNm/9Cr4Cw3IjYmwsLCwsLCwsLCwsLCwsLCwsLCwsLCwsLCwsLCwsLCwsLCwsLCwsLCwsLCwsLCwsLCwsLCwsLCwsLCwsLCwsLCwsLCwsLCwsLCwsLCwsLCwsLCwsLCwsLCwsLCwsLCwsLCwsLCwsLCwsLCwsLCwsHDrASUpAHnJhbktAAAAAElFTkSuQmCC",Rating 5 Star,189 CELL,(396)
Xiaomi redmi 9A 3/32 Ram 3GB Rom 32GB [Garansi Resmi],Xiaomi redmi 9A 3/32 Ram 3GB Rom 32GB [Garansi Resmi],Rp1.359.212,"data:image/png;base64,iVBORw0KGgoAAAANSUhEUgAAAHgAAAB4CAQAAACTbf5ZAAAAiklEQVR42u3PMQEAAAwCoNm/9Cr4Cw3IjYmwsLCwsLCwsLCwsLCwsLCwsLCwsLCwsLCwsLCwsLCwsLCwsLCwsLCwsLCwsLCwsLCwsLCwsLCwsLCwsLCwsLCwsLCwsLCwsLCwsLCwsLCwsLCwsLCwsLCwsLCwsLCwsLCwsLCwsLCwsLCwsLCwsHDrASUpAHnJhbktAAAAAElFTkSuQmCC",Rating 5 Star,sylvan212,(368)
Iphone x 64gbGB fullset second original mulus,Iphone x 64gbGB fullset second original mulus,Rp3.850.000,"data:image/png;base64,iVBORw0KGgoAAAANSUhEUgAAAHgAAAB4CAQAAACTbf5ZAAAAiklEQVR42u3PMQEAAAwCoNm/9Cr4Cw3IjYmwsLCwsLCwsLCwsLCwsLCwsLCwsLCwsLCwsLCwsLCwsLCwsLCwsLCwsLCwsLCwsLCwsLCwsLCwsLCwsLCwsLCwsLCwsLCwsLCwsLCwsLCwsLCwsLCwsLCwsLCwsLCwsLCwsLCwsLCwsLCwsLCwsHDrASUpAHnJhbktAAAAAElFTkSuQmCC",Rating 5 Star,yunishop00,(467)
SAMSUNG GALAXY A52 8/256 GARANSI RESMI,SAMSUNG GALAXY A52 8/256 GARANSI RESMI,Rp4.790.000,"data:image/png;base64,iVBORw0KGgoAAAANSUhEUgAAAHgAAAB4CAQAAACTbf5ZAAAAiklEQVR42u3PMQEAAAwCoNm/9Cr4Cw3IjYmwsLCwsLCwsLCwsLCwsLCwsLCwsLCwsLCwsLCwsLCwsLCwsLCwsLCwsLCwsLCwsLCwsLCwsLCwsLCwsLCwsLCwsLCwsLCwsLCwsLCwsLCwsLCwsLCwsLCwsLCwsLCwsLCwsLCwsLCwsLCwsLCwsHDrASUpAHnJhbktAAAAAElFTkSuQmCC",Rating 5 Star,jikalaku,(365)
Xiaomi redmi 9c ram 3/32 garansi resmi,Xiaomi redmi 9c ram 3/32 garansi resmi,Rp1.455.000,"data:image/png;base64,iVBORw0KGgoAAAANSUhEUgAAAHgAAAB4CAQAAACTbf5ZAAAAiklEQVR42u3PMQEAAAwCoNm/9Cr4Cw3IjYmwsLCwsLCwsLCwsLCwsLCwsLCwsLCwsLCwsLCwsLCwsLCwsLCwsLCwsLCwsLCwsLCwsLCwsLCwsLCwsLCwsLCwsLCwsLCwsLCwsLCwsLCwsLCwsLCwsLCwsLCwsLCwsLCwsLCwsLCwsLCwsLCwsHDrASUpAHnJhbktAAAAAElFTkSuQmCC",Rating 5 Star,toserba S_R,(354)
Samsung A2 Core Second/ kondisi baik,Samsung A2 Core Second/ kondisi baik,Rp1.642.000,"data:image/png;base64,iVBORw0KGgoAAAANSUhEUgAAAHgAAAB4CAQAAACTbf5ZAAAAiklEQVR42u3PMQEAAAwCoNm/9Cr4Cw3IjYmwsLCwsLCwsLCwsLCwsLCwsLCwsLCwsLCwsLCwsLCwsLCwsLCwsLCwsLCwsLCwsLCwsLCwsLCwsLCwsLCwsLCwsLCwsLCwsLCwsLCwsLCwsLCwsLCwsLCwsLCwsLCwsLCwsLCwsLCwsLCwsLCwsHDrASUpAHnJhbktAAAAAElFTkSuQmCC",Rating 5 Star,Ronald Mobilindo Gold,(315)
XIAOMI REDMI NOTE 10 PRO NFC - 8GB 128GB 8/128 SNAPDRAGON 732G - RESMI,XIAOMI REDMI NOTE 10 PRO NFC - 8GB 128GB 8/128 SNAPDRAGON 732G - RESMI,Rp3.724.000,"data:image/png;base64,iVBORw0KGgoAAAANSUhEUgAAAHgAAAB4CAQAAACTbf5ZAAAAiklEQVR42u3PMQEAAAwCoNm/9Cr4Cw3IjYmwsLCwsLCwsLCwsLCwsLCwsLCwsLCwsLCwsLCwsLCwsLCwsLCwsLCwsLCwsLCwsLCwsLCwsLCwsLCwsLCwsLCwsLCwsLCwsLCwsLCwsLCwsLCwsLCwsLCwsLCwsLCwsLCwsLCwsLCwsLCwsLCwsHDrASUpAHnJhbktAAAAAElFTkSuQmCC",Rating 5 Star,BursaApple,(325)
Xiaomi Redmi 6a,Xiaomi Redmi 6a,Rp1.225.000,"data:image/png;base64,iVBORw0KGgoAAAANSUhEUgAAAHgAAAB4CAQAAACTbf5ZAAAAiklEQVR42u3PMQEAAAwCoNm/9Cr4Cw3IjYmwsLCwsLCwsLCwsLCwsLCwsLCwsLCwsLCwsLCwsLCwsLCwsLCwsLCwsLCwsLCwsLCwsLCwsLCwsLCwsLCwsLCwsLCwsLCwsLCwsLCwsLCwsLCwsLCwsLCwsLCwsLCwsLCwsLCwsLCwsLCwsLCwsHDrASUpAHnJhbktAAAAAElFTkSuQmCC",Rating 5 Star,Saggy Mall,(315)
VIVO Y12 RAM 3/32 GARANSI RESMI VIVO INDONESIA,VIVO Y12 RAM 3/32 GARANSI RESMI VIVO INDONESIA,Rp1.729.900,"data:image/png;base64,iVBORw0KGgoAAAANSUhEUgAAAHgAAAB4CAQAAACTbf5ZAAAAiklEQVR42u3PMQEAAAwCoNm/9Cr4Cw3IjYmwsLCwsLCwsLCwsLCwsLCwsLCwsLCwsLCwsLCwsLCwsLCwsLCwsLCwsLCwsLCwsLCwsLCwsLCwsLCwsLCwsLCwsLCwsLCwsLCwsLCwsLCwsLCwsLCwsLCwsLCwsLCwsLCwsLCwsLCwsLCwsLCwsHDrASUpAHnJhbktAAAAAElFTkSuQmCC",Rating 5 Star,BEST PONSEL,(368)
Infinix Hot 11s NFC 6/128 GB - Garansi Resmi,Infinix Hot 11s NFC 6/128 GB - Garansi Resmi,Rp2.198.000,"data:image/png;base64,iVBORw0KGgoAAAANSUhEUgAAAHgAAAB4CAQAAACTbf5ZAAAAiklEQVR42u3PMQEAAAwCoNm/9Cr4Cw3IjYmwsLCwsLCwsLCwsLCwsLCwsLCwsLCwsLCwsLCwsLCwsLCwsLCwsLCwsLCwsLCwsLCwsLCwsLCwsLCwsLCwsLCwsLCwsLCwsLCwsLCwsLCwsLCwsLCwsLCwsLCwsLCwsLCwsLCwsLCwsLCwsLCwsHDrASUpAHnJhbktAAAAAElFTkSuQmCC",Rating 5 Star,Wahana Selular,(389)
HDC IPHONE 8 PLUS,HDC IPHONE 8 PLUS,Rp1.220.000,"data:image/png;base64,iVBORw0KGgoAAAANSUhEUgAAAHgAAAB4CAQAAACTbf5ZAAAAiklEQVR42u3PMQEAAAwCoNm/9Cr4Cw3IjYmwsLCwsLCwsLCwsLCwsLCwsLCwsLCwsLCwsLCwsLCwsLCwsLCwsLCwsLCwsLCwsLCwsLCwsLCwsLCwsLCwsLCwsLCwsLCwsLCwsLCwsLCwsLCwsLCwsLCwsLCwsLCwsLCwsLCwsLCwsLCwsLCwsHDrASUpAHnJhbktAAAAAElFTkSuQmCC",Rating 5 Star,WT Teknologi,(337)
Xiaomi Redmi 9T 4/64GB Garansi Resmi,Xiaomi Redmi 9T 4/64GB Garansi Resmi,Rp2.950.000,"data:image/png;base64,iVBORw0KGgoAAAANSUhEUgAAAHgAAAB4CAQAAACTbf5ZAAAAiklEQVR42u3PMQEAAAwCoNm/9Cr4Cw3IjYmwsLCwsLCwsLCwsLCwsLCwsLCwsLCwsLCwsLCwsLCwsLCwsLCwsLCwsLCwsLCwsLCwsLCwsLCwsLCwsLCwsLCwsLCwsLCwsLCwsLCwsLCwsLCwsLCwsLCwsLCwsLCwsLCwsLCwsLCwsLCwsLCwsHDrASUpAHnJhbktAAAAAElFTkSuQmCC",Rating 5 Star,LemangsariStore,(284)
Realme C21Y 4/64 Ram 4GB Internal 64GB Garansi Resmi,Realme C21Y 4/64 Ram 4GB Internal 64GB Garansi Resmi,Rp1.695.000,"data:image/png;base64,iVBORw0KGgoAAAANSUhEUgAAAHgAAAB4CAQAAACTbf5ZAAAAiklEQVR42u3PMQEAAAwCoNm/9Cr4Cw3IjYmwsLCwsLCwsLCwsLCwsLCwsLCwsLCwsLCwsLCwsLCwsLCwsLCwsLCwsLCwsLCwsLCwsLCwsLCwsLCwsLCwsLCwsLCwsLCwsLCwsLCwsLCwsLCwsLCwsLCwsLCwsLCwsLCwsLCwsLCwsLCwsLCwsHDrASUpAHnJhbktAAAAAElFTkSuQmCC",Rating 5 Star,Kreasindo Online,(322)
iphone xs max 64gb second ex internasional mulus all operator,iphone xs max 64gb second ex internasional mulus all operator,Rp5.070.000,"data:image/png;base64,iVBORw0KGgoAAAANSUhEUgAAAHgAAAB4CAQAAACTbf5ZAAAAiklEQVR42u3PMQEAAAwCoNm/9Cr4Cw3IjYmwsLCwsLCwsLCwsLCwsLCwsLCwsLCwsLCwsLCwsLCwsLCwsLCwsLCwsLCwsLCwsLCwsLCwsLCwsLCwsLCwsLCwsLCwsLCwsLCwsLCwsLCwsLCwsLCwsLCwsLCwsLCwsLCwsLCwsLCwsLCwsLCwsHDrASUpAHnJhbktAAAAAElFTkSuQmCC",Rating 5 Star,phoneplus shop,(359)
Infinix Smart 6 2/32 GB NFC Garansi Resmi,Infinix Smart 6 2/32 GB NFC Garansi Resmi,Rp1.252.000,"data:image/png;base64,iVBORw0KGgoAAAANSUhEUgAAAHgAAAB4CAQAAACTbf5ZAAAAiklEQVR42u3PMQEAAAwCoNm/9Cr4Cw3IjYmwsLCwsLCwsLCwsLCwsLCwsLCwsLCwsLCwsLCwsLCwsLCwsLCwsLCwsLCwsLCwsLCwsLCwsLCwsLCwsLCwsLCwsLCwsLCwsLCwsLCwsLCwsLCwsLCwsLCwsLCwsLCwsLCwsLCwsLCwsLCwsLCwsHDrASUpAHnJhbktAAAAAElFTkSuQmCC",Rating 5 Star,Gudang-HP,(291)
iPhone XR 256GB 128GB 64GB Bekas Original 100% Fullset - iPhone XR,iPhone XR 256GB 128GB 64GB Bekas Original 100% Fullset - iPhone XR,Rp4.262.000,"data:image/png;base64,iVBORw0KGgoAAAANSUhEUgAAAHgAAAB4CAQAAACTbf5ZAAAAiklEQVR42u3PMQEAAAwCoNm/9Cr4Cw3IjYmwsLCwsLCwsLCwsLCwsLCwsLCwsLCwsLCwsLCwsLCwsLCwsLCwsLCwsLCwsLCwsLCwsLCwsLCwsLCwsLCwsLCwsLCwsLCwsLCwsLCwsLCwsLCwsLCwsLCwsLCwsLCwsLCwsLCwsLCwsLCwsLCwsHDrASUpAHnJhbktAAAAAElFTkSuQmCC",Rating 5 Star,YHstore889,(325)
XIAOMI REDMI NOTE 10S 8/128 GARANSI RESMI,XIAOMI REDMI NOTE 10S 8/128 GARANSI RESMI,Rp2.955.000,"data:image/png;base64,iVBORw0KGgoAAAANSUhEUgAAAHgAAAB4CAQAAACTbf5ZAAAAiklEQVR42u3PMQEAAAwCoNm/9Cr4Cw3IjYmwsLCwsLCwsLCwsLCwsLCwsLCwsLCwsLCwsLCwsLCwsLCwsLCwsLCwsLCwsLCwsLCwsLCwsLCwsLCwsLCwsLCwsLCwsLCwsLCwsLCwsLCwsLCwsLCwsLCwsLCwsLCwsLCwsLCwsLCwsLCwsLCwsHDrASUpAHnJhbktAAAAAElFTkSuQmCC",Rating 5 Star,Garden Cell Official,(296)
Xiaomi Redmi 9T RAM 4GB/64GB Garansi Resmi,Xiaomi Redmi 9T RAM 4GB/64GB Garansi Resmi,Rp2.900.000,"data:image/png;base64,iVBORw0KGgoAAAANSUhEUgAAAHgAAAB4CAQAAACTbf5ZAAAAiklEQVR42u3PMQEAAAwCoNm/9Cr4Cw3IjYmwsLCwsLCwsLCwsLCwsLCwsLCwsLCwsLCwsLCwsLCwsLCwsLCwsLCwsLCwsLCwsLCwsLCwsLCwsLCwsLCwsLCwsLCwsLCwsLCwsLCwsLCwsLCwsLCwsLCwsLCwsLCwsLCwsLCwsLCwsLCwsLCwsHDrASUpAHnJhbktAAAAAElFTkSuQmCC",Rating 5 Star,SkincareBeauty23,(265)
Xiaomi Redmi 10 4/64 6 / 128 GB 50MP 5000mAh 90Hz Segel Garansi Resmi,Xiaomi Redmi 10 4/64 6 / 128 GB 50MP 5000mAh 90Hz Segel Garansi Resmi,Rp2.000.000,"data:image/png;base64,iVBORw0KGgoAAAANSUhEUgAAAHgAAAB4CAQAAACTbf5ZAAAAiklEQVR42u3PMQEAAAwCoNm/9Cr4Cw3IjYmwsLCwsLCwsLCwsLCwsLCwsLCwsLCwsLCwsLCwsLCwsLCwsLCwsLCwsLCwsLCwsLCwsLCwsLCwsLCwsLCwsLCwsLCwsLCwsLCwsLCwsLCwsLCwsLCwsLCwsLCwsLCwsLCwsLCwsLCwsLCwsLCwsHDrASUpAHnJhbktAAAAAElFTkSuQmCC",Rating 5 Star,ZeiL Store,(283)
Iphone 11 Pro 256gb Bekas Fullset,Iphone 11 Pro 256gb Bekas Fullset,Rp8.300.000,"data:image/png;base64,iVBORw0KGgoAAAANSUhEUgAAAHgAAAB4CAQAAACTbf5ZAAAAiklEQVR42u3PMQEAAAwCoNm/9Cr4Cw3IjYmwsLCwsLCwsLCwsLCwsLCwsLCwsLCwsLCwsLCwsLCwsLCwsLCwsLCwsLCwsLCwsLCwsLCwsLCwsLCwsLCwsLCwsLCwsLCwsLCwsLCwsLCwsLCwsLCwsLCwsLCwsLCwsLCwsLCwsLCwsLCwsLCwsHDrASUpAHnJhbktAAAAAElFTkSuQmCC",Rating 5 Star,Boboy Store,(344)
XIAOMI REDMI NOTE 10S 8/128 GB REDMI NOTE 10S 6/64 GB GARANSI RESMI,XIAOMI REDMI NOTE 10S 8/128 GB REDMI NOTE 10S 6/64 GB GARANSI RESMI,Rp2.626.000,"data:image/png;base64,iVBORw0KGgoAAAANSUhEUgAAAHgAAAB4CAQAAACTbf5ZAAAAiklEQVR42u3PMQEAAAwCoNm/9Cr4Cw3IjYmwsLCwsLCwsLCwsLCwsLCwsLCwsLCwsLCwsLCwsLCwsLCwsLCwsLCwsLCwsLCwsLCwsLCwsLCwsLCwsLCwsLCwsLCwsLCwsLCwsLCwsLCwsLCwsLCwsLCwsLCwsLCwsLCwsLCwsLCwsLCwsLCwsHDrASUpAHnJhbktAAAAAElFTkSuQmCC",Rating 5 Star,STR-STORE,(273)
Xiaomi Redmi 9a 3/32 Resmi Tam,Xiaomi Redmi 9a 3/32 Resmi Tam,Rp1.245.000,"data:image/png;base64,iVBORw0KGgoAAAANSUhEUgAAAHgAAAB4CAQAAACTbf5ZAAAAiklEQVR42u3PMQEAAAwCoNm/9Cr4Cw3IjYmwsLCwsLCwsLCwsLCwsLCwsLCwsLCwsLCwsLCwsLCwsLCwsLCwsLCwsLCwsLCwsLCwsLCwsLCwsLCwsLCwsLCwsLCwsLCwsLCwsLCwsLCwsLCwsLCwsLCwsLCwsLCwsLCwsLCwsLCwsLCwsLCwsHDrASUpAHnJhbktAAAAAElFTkSuQmCC",Rating 5 Star,vin's olshop,(273)
Samsung Galaxy A12 4/128 Garansi Resmi SEIN - Tidak Free Ongkir,Samsung Galaxy A12 4/128 Garansi Resmi SEIN - Tidak Free Ongkir,Rp2.060.000,"data:image/png;base64,iVBORw0KGgoAAAANSUhEUgAAAHgAAAB4CAQAAACTbf5ZAAAAiklEQVR42u3PMQEAAAwCoNm/9Cr4Cw3IjYmwsLCwsLCwsLCwsLCwsLCwsLCwsLCwsLCwsLCwsLCwsLCwsLCwsLCwsLCwsLCwsLCwsLCwsLCwsLCwsLCwsLCwsLCwsLCwsLCwsLCwsLCwsLCwsLCwsLCwsLCwsLCwsLCwsLCwsLCwsLCwsLCwsHDrASUpAHnJhbktAAAAAElFTkSuQmCC",Rating 5 Star,Fikri26shop,(308)
Samsung Galaxy A52 8/256GB GARANSI RESMI SEIN,Samsung Galaxy A52 8/256GB GARANSI RESMI SEIN,Rp4.798.000,"data:image/png;base64,iVBORw0KGgoAAAANSUhEUgAAAHgAAAB4CAQAAACTbf5ZAAAAiklEQVR42u3PMQEAAAwCoNm/9Cr4Cw3IjYmwsLCwsLCwsLCwsLCwsLCwsLCwsLCwsLCwsLCwsLCwsLCwsLCwsLCwsLCwsLCwsLCwsLCwsLCwsLCwsLCwsLCwsLCwsLCwsLCwsLCwsLCwsLCwsLCwsLCwsLCwsLCwsLCwsLCwsLCwsLCwsLCwsHDrASUpAHnJhbktAAAAAElFTkSuQmCC",Rating 5 Star,D'Lounge shop,(244)
Samsung Galaxy A12 4/128 RAM 4GB ROM 128GB Garansi Resmi SEIN,Samsung Galaxy A12 4/128 RAM 4GB ROM 128GB Garansi Resmi SEIN,Rp2.080.000,"data:image/png;base64,iVBORw0KGgoAAAANSUhEUgAAAHgAAAB4CAQAAACTbf5ZAAAAiklEQVR42u3PMQEAAAwCoNm/9Cr4Cw3IjYmwsLCwsLCwsLCwsLCwsLCwsLCwsLCwsLCwsLCwsLCwsLCwsLCwsLCwsLCwsLCwsLCwsLCwsLCwsLCwsLCwsLCwsLCwsLCwsLCwsLCwsLCwsLCwsLCwsLCwsLCwsLCwsLCwsLCwsLCwsLCwsLCwsHDrASUpAHnJhbktAAAAAElFTkSuQmCC",Rating 5 Star,DreStore,(319)
Xiaomi Redmi 9T [4/64 GB] [6/128 GB] Garansi Resmi || Ells Store,Xiaomi Redmi 9T [4/64 GB] [6/128 GB] Garansi Resmi || Ells Store,Rp2.050.050,"data:image/png;base64,iVBORw0KGgoAAAANSUhEUgAAAHgAAAB4CAQAAACTbf5ZAAAAiklEQVR42u3PMQEAAAwCoNm/9Cr4Cw3IjYmwsLCwsLCwsLCwsLCwsLCwsLCwsLCwsLCwsLCwsLCwsLCwsLCwsLCwsLCwsLCwsLCwsLCwsLCwsLCwsLCwsLCwsLCwsLCwsLCwsLCwsLCwsLCwsLCwsLCwsLCwsLCwsLCwsLCwsLCwsLCwsLCwsHDrASUpAHnJhbktAAAAAElFTkSuQmCC",Rating 5 Star,ELLS STORE JOGJA,(244)
XIAOMI REDMI 9C RAM 3/32GB GARANSI RESMI XIAOMI INDONESIA TERMURAH,XIAOMI REDMI 9C RAM 3/32GB GARANSI RESMI XIAOMI INDONESIA TERMURAH,Rp1.535.500,"data:image/png;base64,iVBORw0KGgoAAAANSUhEUgAAAHgAAAB4CAQAAACTbf5ZAAAAiklEQVR42u3PMQEAAAwCoNm/9Cr4Cw3IjYmwsLCwsLCwsLCwsLCwsLCwsLCwsLCwsLCwsLCwsLCwsLCwsLCwsLCwsLCwsLCwsLCwsLCwsLCwsLCwsLCwsLCwsLCwsLCwsLCwsLCwsLCwsLCwsLCwsLCwsLCwsLCwsLCwsLCwsLCwsLCwsLCwsHDrASUpAHnJhbktAAAAAElFTkSuQmCC",Rating 5 Star,Hapemall.id,(280)
VIVO Y81 RAM 2/16 GARANSI RESMI VIVO INDONESIA,VIVO Y81 RAM 2/16 GARANSI RESMI VIVO INDONESIA,Rp1.499.900,"data:image/png;base64,iVBORw0KGgoAAAANSUhEUgAAAHgAAAB4CAQAAACTbf5ZAAAAiklEQVR42u3PMQEAAAwCoNm/9Cr4Cw3IjYmwsLCwsLCwsLCwsLCwsLCwsLCwsLCwsLCwsLCwsLCwsLCwsLCwsLCwsLCwsLCwsLCwsLCwsLCwsLCwsLCwsLCwsLCwsLCwsLCwsLCwsLCwsLCwsLCwsLCwsLCwsLCwsLCwsLCwsLCwsLCwsLCwsHDrASUpAHnJhbktAAAAAElFTkSuQmCC",Rating 5 Star,189 CELL,(241)
Samsung Galaxy A32 8/128GB - Black,Samsung Galaxy A32 8/128GB - Black,Rp3.799.000,"data:image/png;base64,iVBORw0KGgoAAAANSUhEUgAAAHgAAAB4CAQAAACTbf5ZAAAAiklEQVR42u3PMQEAAAwCoNm/9Cr4Cw3IjYmwsLCwsLCwsLCwsLCwsLCwsLCwsLCwsLCwsLCwsLCwsLCwsLCwsLCwsLCwsLCwsLCwsLCwsLCwsLCwsLCwsLCwsLCwsLCwsLCwsLCwsLCwsLCwsLCwsLCwsLCwsLCwsLCwsLCwsLCwsLCwsLCwsHDrASUpAHnJhbktAAAAAElFTkSuQmCC",Rating 5 Star,Eraspace - Samsung Authorized,(282)
Xiaomi Poco X3 Pro 8/256GB 6/128GB Garansi resmi 8 GB 256 GB 6 GB 128,Xiaomi Poco X3 Pro 8/256GB 6/128GB Garansi resmi 8 GB 256 GB 6 GB 128,Rp3.436.000,"data:image/png;base64,iVBORw0KGgoAAAANSUhEUgAAAHgAAAB4CAQAAACTbf5ZAAAAiklEQVR42u3PMQEAAAwCoNm/9Cr4Cw3IjYmwsLCwsLCwsLCwsLCwsLCwsLCwsLCwsLCwsLCwsLCwsLCwsLCwsLCwsLCwsLCwsLCwsLCwsLCwsLCwsLCwsLCwsLCwsLCwsLCwsLCwsLCwsLCwsLCwsLCwsLCwsLCwsLCwsLCwsLCwsLCwsLCwsHDrASUpAHnJhbktAAAAAElFTkSuQmCC",Rating 5 Star,Distributor Ponsel,(458)
Xiaomi redmi 9a ram 2 32,Xiaomi redmi 9a ram 2 32,Rp1.209.000,"data:image/png;base64,iVBORw0KGgoAAAANSUhEUgAAAHgAAAB4CAQAAACTbf5ZAAAAiklEQVR42u3PMQEAAAwCoNm/9Cr4Cw3IjYmwsLCwsLCwsLCwsLCwsLCwsLCwsLCwsLCwsLCwsLCwsLCwsLCwsLCwsLCwsLCwsLCwsLCwsLCwsLCwsLCwsLCwsLCwsLCwsLCwsLCwsLCwsLCwsLCwsLCwsLCwsLCwsLCwsLCwsLCwsLCwsLCwsHDrASUpAHnJhbktAAAAAElFTkSuQmCC",Rating 5 Star,JUMB0CELL,(218)
Xiaomi Redmi 9C Ram 3/32 4/64 3Gb 4Gb Internal 32Gb 64Gb New Grs Resmi,Xiaomi Redmi 9C Ram 3/32 4/64 3Gb 4Gb Internal 32Gb 64Gb New Grs Resmi,Rp1.707.997,"data:image/png;base64,iVBORw0KGgoAAAANSUhEUgAAAHgAAAB4CAQAAACTbf5ZAAAAiklEQVR42u3PMQEAAAwCoNm/9Cr4Cw3IjYmwsLCwsLCwsLCwsLCwsLCwsLCwsLCwsLCwsLCwsLCwsLCwsLCwsLCwsLCwsLCwsLCwsLCwsLCwsLCwsLCwsLCwsLCwsLCwsLCwsLCwsLCwsLCwsLCwsLCwsLCwsLCwsLCwsLCwsLCwsLCwsLCwsHDrASUpAHnJhbktAAAAAElFTkSuQmCC",Rating 5 Star,arsgadget,(236)
IPHONE X SECOND,IPHONE X SECOND,Rp3.950.000,"data:image/png;base64,iVBORw0KGgoAAAANSUhEUgAAAHgAAAB4CAQAAACTbf5ZAAAAiklEQVR42u3PMQEAAAwCoNm/9Cr4Cw3IjYmwsLCwsLCwsLCwsLCwsLCwsLCwsLCwsLCwsLCwsLCwsLCwsLCwsLCwsLCwsLCwsLCwsLCwsLCwsLCwsLCwsLCwsLCwsLCwsLCwsLCwsLCwsLCwsLCwsLCwsLCwsLCwsLCwsLCwsLCwsLCwsLCwsHDrASUpAHnJhbktAAAAAElFTkSuQmCC",Rating 5 Star,sun mobile,(314)
Xiaomi Poco F3 5G 8/256 Ram 8 Internal 256Gb Garansi Resmi,Xiaomi Poco F3 5G 8/256 Ram 8 Internal 256Gb Garansi Resmi,Rp5.249.000,"data:image/png;base64,iVBORw0KGgoAAAANSUhEUgAAAHgAAAB4CAQAAACTbf5ZAAAAiklEQVR42u3PMQEAAAwCoNm/9Cr4Cw3IjYmwsLCwsLCwsLCwsLCwsLCwsLCwsLCwsLCwsLCwsLCwsLCwsLCwsLCwsLCwsLCwsLCwsLCwsLCwsLCwsLCwsLCwsLCwsLCwsLCwsLCwsLCwsLCwsLCwsLCwsLCwsLCwsLCwsLCwsLCwsLCwsLCwsHDrASUpAHnJhbktAAAAAElFTkSuQmCC",Rating 5 Star,Gading Bali Shop,(223)
Iphone 11 Pro Max 64 gb 256 gb 512GB Second Original,Iphone 11 Pro Max 64 gb 256 gb 512GB Second Original,Rp9.349.000,"data:image/png;base64,iVBORw0KGgoAAAANSUhEUgAAAHgAAAB4CAQAAACTbf5ZAAAAiklEQVR42u3PMQEAAAwCoNm/9Cr4Cw3IjYmwsLCwsLCwsLCwsLCwsLCwsLCwsLCwsLCwsLCwsLCwsLCwsLCwsLCwsLCwsLCwsLCwsLCwsLCwsLCwsLCwsLCwsLCwsLCwsLCwsLCwsLCwsLCwsLCwsLCwsLCwsLCwsLCwsLCwsLCwsLCwsLCwsHDrASUpAHnJhbktAAAAAElFTkSuQmCC",Rating 5 Star,bedjo_store,(243)
REDMI 10 4/64 GARANSI RESMI + NOREPACK + BNIB,REDMI 10 4/64 GARANSI RESMI + NOREPACK + BNIB,Rp2.199.898,"data:image/png;base64,iVBORw0KGgoAAAANSUhEUgAAAHgAAAB4CAQAAACTbf5ZAAAAiklEQVR42u3PMQEAAAwCoNm/9Cr4Cw3IjYmwsLCwsLCwsLCwsLCwsLCwsLCwsLCwsLCwsLCwsLCwsLCwsLCwsLCwsLCwsLCwsLCwsLCwsLCwsLCwsLCwsLCwsLCwsLCwsLCwsLCwsLCwsLCwsLCwsLCwsLCwsLCwsLCwsLCwsLCwsLCwsLCwsHDrASUpAHnJhbktAAAAAElFTkSuQmCC",Rating 5 Star,Unixcolux,(204)
iPhone 13 Promax Garansi Resmi,iPhone 13 Promax Garansi Resmi,Rp19.575.000,"data:image/png;base64,iVBORw0KGgoAAAANSUhEUgAAAHgAAAB4CAQAAACTbf5ZAAAAiklEQVR42u3PMQEAAAwCoNm/9Cr4Cw3IjYmwsLCwsLCwsLCwsLCwsLCwsLCwsLCwsLCwsLCwsLCwsLCwsLCwsLCwsLCwsLCwsLCwsLCwsLCwsLCwsLCwsLCwsLCwsLCwsLCwsLCwsLCwsLCwsLCwsLCwsLCwsLCwsLCwsLCwsLCwsLCwsLCwsHDrASUpAHnJhbktAAAAAElFTkSuQmCC",Rating 5 Star,PT Pratama Sntra Semesta,(204)
OPPO F5 BLACK LIMITED EDITION GARANSI RESMI OPPO INDONESIA,OPPO F5 BLACK LIMITED EDITION GARANSI RESMI OPPO INDONESIA,Rp2.399.000,"data:image/png;base64,iVBORw0KGgoAAAANSUhEUgAAAHgAAAB4CAQAAACTbf5ZAAAAiklEQVR42u3PMQEAAAwCoNm/9Cr4Cw3IjYmwsLCwsLCwsLCwsLCwsLCwsLCwsLCwsLCwsLCwsLCwsLCwsLCwsLCwsLCwsLCwsLCwsLCwsLCwsLCwsLCwsLCwsLCwsLCwsLCwsLCwsLCwsLCwsLCwsLCwsLCwsLCwsLCwsLCwsLCwsLCwsLCwsHDrASUpAHnJhbktAAAAAElFTkSuQmCC",Rating 5 Star,Grandstore cell,(350)
xiomi redmi 10 4/64 GARANSI RESMI,xiomi redmi 10 4/64 GARANSI RESMI,Rp2.190.000,"data:image/png;base64,iVBORw0KGgoAAAANSUhEUgAAAHgAAAB4CAQAAACTbf5ZAAAAiklEQVR42u3PMQEAAAwCoNm/9Cr4Cw3IjYmwsLCwsLCwsLCwsLCwsLCwsLCwsLCwsLCwsLCwsLCwsLCwsLCwsLCwsLCwsLCwsLCwsLCwsLCwsLCwsLCwsLCwsLCwsLCwsLCwsLCwsLCwsLCwsLCwsLCwsLCwsLCwsLCwsLCwsLCwsLCwsLCwsHDrASUpAHnJhbktAAAAAElFTkSuQmCC",Rating 5 Star,AFDOL CELL,(209)
"Xiaomi Official Redmi 9A 3/32GB 6.53"" HD Mi Smartphone HP Android","Xiaomi Official Redmi 9A 3/32GB 6.53"" HD Mi Smartphone HP Android",Rp1.399.000,"data:image/png;base64,iVBORw0KGgoAAAANSUhEUgAAAHgAAAB4CAQAAACTbf5ZAAAAiklEQVR42u3PMQEAAAwCoNm/9Cr4Cw3IjYmwsLCwsLCwsLCwsLCwsLCwsLCwsLCwsLCwsLCwsLCwsLCwsLCwsLCwsLCwsLCwsLCwsLCwsLCwsLCwsLCwsLCwsLCwsLCwsLCwsLCwsLCwsLCwsLCwsLCwsLCwsLCwsLCwsLCwsLCwsLCwsLCwsHDrASUpAHnJhbktAAAAAElFTkSuQmCC",Rating 5 Star,Xiaomi Official Store,(234)
Infinix Smart 6 Smartphone ( Ram 2GB / Rom 32GB ) Garansi Resmi,Infinix Smart 6 Smartphone ( Ram 2GB / Rom 32GB ) Garansi Resmi,Rp1.249.000,"data:image/png;base64,iVBORw0KGgoAAAANSUhEUgAAAHgAAAB4CAQAAACTbf5ZAAAAiklEQVR42u3PMQEAAAwCoNm/9Cr4Cw3IjYmwsLCwsLCwsLCwsLCwsLCwsLCwsLCwsLCwsLCwsLCwsLCwsLCwsLCwsLCwsLCwsLCwsLCwsLCwsLCwsLCwsLCwsLCwsLCwsLCwsLCwsLCwsLCwsLCwsLCwsLCwsLCwsLCwsLCwsLCwsLCwsLCwsHDrASUpAHnJhbktAAAAAElFTkSuQmCC",Rating 5 Star,Gadhet-Holic,(201)
Apple iPhone New - SWAP Mesin Garansi Full,Apple iPhone New - SWAP Mesin Garansi Full,Rp9.999.000,"data:image/png;base64,iVBORw0KGgoAAAANSUhEUgAAAHgAAAB4CAQAAACTbf5ZAAAAiklEQVR42u3PMQEAAAwCoNm/9Cr4Cw3IjYmwsLCwsLCwsLCwsLCwsLCwsLCwsLCwsLCwsLCwsLCwsLCwsLCwsLCwsLCwsLCwsLCwsLCwsLCwsLCwsLCwsLCwsLCwsLCwsLCwsLCwsLCwsLCwsLCwsLCwsLCwsLCwsLCwsLCwsLCwsLCwsLCwsHDrASUpAHnJhbktAAAAAElFTkSuQmCC",Rating 5 Star,PT Pratama Sntra Semesta,(206)
VIVO Y15 RAM 4/64 GARANSI RESMI VIVO INDONESIA,VIVO Y15 RAM 4/64 GARANSI RESMI VIVO INDONESIA,Rp2.249.900,"data:image/png;base64,iVBORw0KGgoAAAANSUhEUgAAAHgAAAB4CAQAAACTbf5ZAAAAiklEQVR42u3PMQEAAAwCoNm/9Cr4Cw3IjYmwsLCwsLCwsLCwsLCwsLCwsLCwsLCwsLCwsLCwsLCwsLCwsLCwsLCwsLCwsLCwsLCwsLCwsLCwsLCwsLCwsLCwsLCwsLCwsLCwsLCwsLCwsLCwsLCwsLCwsLCwsLCwsLCwsLCwsLCwsLCwsLCwsHDrASUpAHnJhbktAAAAAElFTkSuQmCC",Rating 5 Star,BEST PONSEL,(216)
iPhone 13 Pro Garansi Resmi,iPhone 13 Pro Garansi Resmi,Rp17.970.000,"data:image/png;base64,iVBORw0KGgoAAAANSUhEUgAAAHgAAAB4CAQAAACTbf5ZAAAAiklEQVR42u3PMQEAAAwCoNm/9Cr4Cw3IjYmwsLCwsLCwsLCwsLCwsLCwsLCwsLCwsLCwsLCwsLCwsLCwsLCwsLCwsLCwsLCwsLCwsLCwsLCwsLCwsLCwsLCwsLCwsLCwsLCwsLCwsLCwsLCwsLCwsLCwsLCwsLCwsLCwsLCwsLCwsLCwsLCwsHDrASUpAHnJhbktAAAAAElFTkSuQmCC",Rating 5 Star,PT Pratama Sntra Semesta,(198)
ITEL VISION 1 PRO 2/32GB GARANSI RESMI,ITEL VISION 1 PRO 2/32GB GARANSI RESMI,Rp995.000,"data:image/png;base64,iVBORw0KGgoAAAANSUhEUgAAAHgAAAB4CAQAAACTbf5ZAAAAiklEQVR42u3PMQEAAAwCoNm/9Cr4Cw3IjYmwsLCwsLCwsLCwsLCwsLCwsLCwsLCwsLCwsLCwsLCwsLCwsLCwsLCwsLCwsLCwsLCwsLCwsLCwsLCwsLCwsLCwsLCwsLCwsLCwsLCwsLCwsLCwsLCwsLCwsLCwsLCwsLCwsLCwsLCwsLCwsLCwsHDrASUpAHnJhbktAAAAAElFTkSuQmCC",Rating 5 Star,Garden Cell Official,(208)
